;m2_price;construction_year;surface;floor;no_rooms;district
1;5897;1953;25;3;1;Srodmiescie
2;1818;1992;143;9;5;Bielany
3;3643;1937;56;1;2;Praga
4;3517;1995;93;7;3;Ochota
5;3013;1992;144;6;5;Mokotow
6;5795;1926;61;6;2;Srodmiescie
7;2983;1970;127;8;5;Mokotow
8;2346;1985;105;8;4;Ursus
9;4745;1928;145;6;6;Srodmiescie
10;4284;1949;112;9;4;Srodmiescie
11;3961;1940;74;5;2;Zoliborz
12;2797;1971;75;7;3;Bielany
13;5116;1934;53;1;3;Zoliborz
14;3337;1985;111;6;5;Zoliborz
15;3666;1948;58;9;3;Ochota
16;2841;1975;116;2;4;Wola
17;3172;1986;53;6;2;Wola
18;3378;1983;37;6;1;Bemowo
19;3274;1992;33;7;2;Ursus
20;5267;1935;33;2;2;Mokotow
21;5112;1929;39;3;2;Ochota
22;2996;1980;95;3;3;Ursynow
23;5170;1995;148;2;5;Srodmiescie
24;3326;1972;42;6;1;Ursynow
25;4482;1963;27;5;1;Ochota
26;3480;1990;142;1;6;Ochota
27;3842;1933;81;2;3;Bemowo
28;3134;1994;112;8;5;Mokotow
29;2225;1956;97;10;4;Wola
30;3372;2002;88;6;3;Ursus
31;3868;1987;33;10;2;Ochota
32;3085;1945;41;8;2;Bielany
33;2928;1931;112;7;5;Bielany
34;2819;1969;78;6;4;Bielany
35;2201;1977;145;5;5;Ursus
36;2720;1957;123;2;5;Praga
37;2957;1985;109;1;5;Ursus
38;3502;1996;70;7;2;Bielany
39;3342;1931;141;9;5;Zoliborz
40;2848;1954;145;7;6;Zoliborz
41;3158;1987;84;2;4;Bemowo
42;3273;1977;48;5;3;Bemowo
43;2628;1974;107;5;4;Praga
44;4297;1997;65;8;3;Mokotow
45;3625;1996;43;9;1;Bielany
46;3769;1944;143;10;6;Srodmiescie
47;3748;1938;75;6;4;Zoliborz
48;6387;1923;51;1;2;Srodmiescie
49;3330;1945;82;10;3;Mokotow
50;2929;1926;107;8;4;Ursynow
51;4463;2001;49;8;3;Zoliborz
52;3297;1994;115;6;5;Zoliborz
53;3337;2005;86;6;4;Wola
54;4046;1927;115;5;4;Zoliborz
55;2746;1953;90;6;3;Bemowo
56;3845;1956;26;2;2;Praga
57;2889;1935;111;2;4;Bemowo
58;3137;1930;96;7;4;Bemowo
59;3030;1964;102;2;3;Ursus
60;4477;1927;32;1;2;Bielany
61;3567;1948;28;5;1;Ursynow
62;2445;1938;101;8;3;Wola
63;2732;1935;82;7;3;Praga
64;3547;1995;60;7;3;Bemowo
65;3765;1990;108;2;5;Ochota
66;2782;1985;147;8;5;Mokotow
67;3155;1971;139;5;5;Mokotow
68;3739;2007;36;8;2;Ursynow
69;5344;2004;31;2;1;Zoliborz
70;2113;1992;129;8;4;Ursynow
71;3797;1929;145;4;5;Zoliborz
72;2834;1992;62;8;3;Ursynow
73;3632;1994;57;1;2;Ursus
74;3227;1973;142;4;5;Zoliborz
75;4091;2007;121;4;4;Zoliborz
76;2379;1964;137;4;5;Praga
77;2583;1989;102;6;4;Ursynow
78;3407;1974;64;2;3;Ursynow
79;3113;1967;144;5;5;Mokotow
80;3520;1993;43;4;1;Bielany
81;2917;1952;63;7;3;Bemowo
82;3045;1965;60;6;3;Bielany
83;2965;1968;144;6;6;Mokotow
84;3992;1961;41;8;2;Ochota
85;3138;1957;46;7;2;Ursynow
86;4315;1953;44;5;1;Ochota
87;5054;1927;100;9;3;Srodmiescie
88;2708;1971;124;2;5;Bielany
89;2982;1972;127;8;5;Zoliborz
90;3341;1968;121;5;5;Mokotow
91;3065;1998;98;8;3;Ursus
92;2633;1960;137;10;6;Mokotow
93;4348;1987;20;7;1;Mokotow
94;4167;1938;53;5;2;Zoliborz
95;3775;1971;43;1;2;Bemowo
96;2772;1983;58;9;3;Wola
97;2710;1943;69;9;2;Ursynow
98;4196;1986;75;2;3;Zoliborz
99;4047;1989;45;7;2;Zoliborz
100;3577;1998;147;6;5;Zoliborz
101;2019;1944;113;10;5;Wola
102;2892;1924;131;6;4;Bielany
103;4191;1925;26;5;1;Wola
104;2899;1938;110;2;4;Bielany
105;2514;1951;89;8;4;Ursus
106;1733;1946;137;10;6;Ursynow
107;3061;1943;84;3;4;Praga
108;4290;1937;26;7;1;Mokotow
109;3526;1934;142;7;5;Mokotow
110;3015;1971;43;9;1;Wola
111;3516;2004;58;8;2;Ursynow
112;3661;1936;64;9;2;Ochota
113;2803;1996;140;5;6;Ursynow
114;4952;1960;105;3;4;Srodmiescie
115;5092;1969;46;8;3;Srodmiescie
116;3498;1921;110;2;4;Bemowo
117;3854;1930;90;1;3;Wola
118;2626;1975;112;4;5;Ursus
119;2920;1989;53;8;3;Ursus
120;3067;1958;53;7;2;Praga
121;2533;1959;82;9;3;Ursus
122;2344;1951;101;9;3;Bielany
123;3289;1922;91;6;4;Bielany
124;2957;1940;94;3;4;Praga
125;3845;1935;21;3;1;Bielany
126;2890;1998;141;4;6;Ursus
127;3459;1991;44;4;2;Bemowo
128;2813;1922;124;7;5;Ursus
129;3566;1931;73;6;2;Ursynow
130;4578;1932;27;1;1;Bemowo
131;2905;1945;110;2;4;Bielany
132;4333;2002;47;10;2;Ochota
133;3633;1986;22;5;1;Praga
134;4268;2007;93;5;4;Mokotow
135;5521;1965;38;5;2;Srodmiescie
136;3433;1950;52;3;3;Bielany
137;2384;1956;127;5;5;Bielany
138;3687;1997;76;4;3;Ursus
139;3143;1946;61;5;3;Bielany
140;3257;1974;24;8;2;Bemowo
141;3574;1992;133;2;4;Ochota
142;2652;1991;125;3;4;Bielany
143;3194;2004;66;10;3;Bemowo
144;1966;1953;123;10;4;Ursynow
145;2864;1948;149;7;5;Zoliborz
146;3580;1960;52;2;2;Bemowo
147;1882;1954;142;8;6;Wola
148;2383;1974;107;7;5;Bielany
149;3800;2009;65;4;3;Wola
150;3364;1935;54;4;2;Wola
151;4582;1999;52;7;2;Ochota
152;2537;1927;121;10;5;Ursynow
153;4037;1931;141;2;5;Mokotow
154;5615;1933;48;9;2;Srodmiescie
155;3990;1983;36;9;1;Zoliborz
156;3150;1984;85;2;4;Ursus
157;2563;1982;79;9;3;Ursus
158;4916;1985;128;1;4;Srodmiescie
159;3279;2006;57;10;3;Wola
160;3434;2001;122;10;5;Ochota
161;3144;1933;76;9;4;Bemowo
162;3280;1990;37;7;1;Bemowo
163;3211;1957;104;9;3;Mokotow
164;3371;1958;118;5;5;Zoliborz
165;3393;2001;61;9;2;Wola
166;2569;1935;118;4;5;Bemowo
167;3479;1967;47;3;3;Bielany
168;2394;1936;126;5;5;Praga
169;3127;1946;102;1;3;Wola
170;2008;1993;129;9;4;Ursus
171;4027;1924;62;2;3;Bielany
172;3669;1938;68;8;3;Ochota
173;3136;1978;81;3;3;Wola
174;2108;1940;114;9;5;Ursynow
175;3577;2008;57;7;3;Bielany
176;5015;2006;64;1;3;Mokotow
177;3977;1947;57;6;3;Ochota
178;3357;1984;39;6;1;Wola
179;3819;1997;113;7;5;Mokotow
180;2784;1963;77;7;3;Ursynow
181;2945;1925;86;10;4;Ursus
182;4695;1934;21;9;2;Ochota
183;2995;1952;120;9;4;Mokotow
184;3156;1965;104;9;4;Ochota
185;2974;1935;148;3;5;Bielany
186;2478;1990;107;6;5;Bemowo
187;3680;1954;37;3;1;Bemowo
188;3652;1949;90;6;3;Ochota
189;2881;1991;42;10;2;Bielany
190;3181;1965;132;6;4;Zoliborz
191;3587;1951;71;9;2;Zoliborz
192;3445;1962;46;4;2;Bielany
193;3576;1947;32;4;2;Ursus
194;3781;1985;142;10;6;Srodmiescie
195;4524;2003;58;7;2;Ochota
196;3506;1956;94;7;3;Ochota
197;1970;1969;138;8;5;Wola
198;2273;1968;133;6;4;Praga
199;3989;1937;41;8;2;Mokotow
200;3009;1977;119;9;4;Ochota
201;3043;1988;106;1;4;Praga
202;3020;1939;133;7;5;Ochota
203;3219;1923;83;8;3;Bemowo
204;2721;2003;148;5;6;Bielany
205;3184;1952;57;5;3;Praga
206;2095;1977;131;8;4;Ursus
207;3266;1988;118;6;5;Ochota
208;5079;1958;72;6;2;Srodmiescie
209;3587;1929;31;10;2;Bemowo
210;4726;1989;37;1;2;Ochota
211;4121;1926;53;2;3;Ursynow
212;5855;1924;55;6;2;Srodmiescie
213;3437;1961;66;2;2;Wola
214;3043;1987;66;6;2;Ursus
215;3836;1956;31;2;1;Ursus
216;2118;1946;148;5;6;Ursus
217;4451;1929;35;10;2;Mokotow
218;4621;1949;23;4;1;Zoliborz
219;3795;2004;40;7;2;Praga
220;4033;1921;107;6;4;Mokotow
221;3069;1933;93;8;4;Bemowo
222;4650;1979;40;2;1;Mokotow
223;3070;1994;113;9;4;Ochota
224;3583;2004;47;8;3;Bemowo
225;3640;1991;121;2;5;Ochota
226;4136;1997;106;5;4;Mokotow
227;2197;1994;105;9;5;Ursynow
228;2590;1993;66;10;3;Ursus
229;4407;1932;114;1;5;Mokotow
230;2676;1971;77;8;3;Bemowo
231;5733;1996;32;10;1;Srodmiescie
232;4363;1981;69;1;3;Mokotow
233;3303;2009;120;3;4;Wola
234;4235;1924;56;10;2;Zoliborz
235;2531;1949;147;1;6;Wola
236;4300;1928;110;3;4;Zoliborz
237;2489;1949;131;4;4;Ursus
238;3512;1937;59;2;2;Wola
239;3805;1929;94;1;3;Bielany
240;4336;2005;46;1;2;Bielany
241;1623;1987;148;10;6;Wola
242;5086;1995;111;1;4;Srodmiescie
243;2458;1977;99;8;3;Ursynow
244;4065;1928;83;8;4;Zoliborz
245;2711;1983;79;7;4;Ursus
246;2507;1959;104;7;3;Ursynow
247;4813;1952;79;7;4;Srodmiescie
248;3318;1923;103;5;3;Praga
249;5079;1973;52;8;2;Srodmiescie
250;2183;1972;127;7;5;Ursus
251;4055;2010;64;2;2;Praga
252;3637;1994;76;7;4;Mokotow
253;2779;1977;92;5;4;Wola
254;5303;1925;40;1;2;Mokotow
255;2343;1960;96;9;4;Praga
256;3022;1988;63;6;3;Praga
257;5172;1970;103;1;4;Srodmiescie
258;3415;1928;83;6;3;Praga
259;2567;1971;108;5;5;Wola
260;2691;1984;146;9;5;Mokotow
261;2007;1957;124;9;5;Ursynow
262;4650;1925;25;9;2;Ochota
263;3658;1927;24;10;2;Ursus
264;3786;1922;91;10;4;Ochota
265;4239;1929;106;4;4;Ochota
266;5604;1959;25;6;1;Srodmiescie
267;3449;1970;60;2;3;Bielany
268;3294;1947;81;1;4;Bielany
269;4018;1988;58;6;2;Zoliborz
270;3646;2000;30;10;1;Bielany
271;4299;1928;50;1;2;Bielany
272;4304;1925;50;10;2;Mokotow
273;3308;1921;64;9;3;Ursus
274;1990;1993;146;7;5;Bemowo
275;2068;1961;148;6;5;Bielany
276;2315;1991;88;10;4;Ursus
277;3846;1978;80;5;3;Mokotow
278;1861;1940;129;10;5;Bemowo
279;3055;1969;24;10;2;Ursynow
280;4454;1948;50;2;3;Mokotow
281;2671;1927;108;10;5;Bielany
282;3616;1981;83;7;3;Mokotow
283;4192;1993;36;7;1;Ochota
284;2807;1958;109;3;4;Wola
285;1820;1972;148;8;6;Praga
286;5311;1926;29;2;2;Ochota
287;4006;1990;24;1;1;Praga
288;2885;1990;122;10;4;Mokotow
289;4713;2005;149;6;6;Srodmiescie
290;2219;1964;108;9;4;Ursynow
291;3486;1964;131;3;4;Mokotow
292;4222;1927;48;2;2;Ursynow
293;5476;1998;52;10;2;Srodmiescie
294;2267;1978;113;8;4;Bielany
295;3023;1955;33;10;1;Bemowo
296;3916;1952;33;10;1;Ochota
297;3559;1967;59;10;3;Mokotow
298;3574;1924;98;3;3;Ursynow
299;4916;1945;53;9;3;Srodmiescie
300;2425;1956;83;10;3;Praga
301;2076;1948;112;10;4;Bemowo
302;3222;1963;63;4;3;Bielany
303;3631;1954;42;3;1;Ursynow
304;2507;1950;89;8;4;Bemowo
305;4255;1989;80;1;3;Zoliborz
306;2866;1959;108;2;5;Praga
307;4208;1974;84;1;3;Zoliborz
308;2331;1929;137;10;6;Ursynow
309;2278;1992;127;6;5;Ursus
310;3657;1921;29;10;1;Ursynow
311;3281;1959;52;5;2;Bielany
312;3479;1967;47;3;3;Ursus
313;3554;1999;105;2;4;Ursus
314;5982;1926;57;4;3;Srodmiescie
315;4426;1962;132;5;5;Srodmiescie
316;3685;1936;56;9;3;Ochota
317;3121;2003;128;4;4;Ursus
318;3703;1949;25;4;1;Ursus
319;3834;2002;62;4;3;Ursus
320;3195;2009;146;1;5;Praga
321;6451;1924;35;2;2;Srodmiescie
322;4264;2005;44;2;2;Wola
323;2662;1944;84;7;4;Bielany
324;5396;1948;20;8;2;Srodmiescie
325;5065;2004;113;7;4;Srodmiescie
326;2836;1984;121;10;5;Zoliborz
327;2250;1950;120;7;5;Bemowo
328;2836;1975;76;6;4;Ursynow
329;5144;1922;56;1;2;Ochota
330;4075;1920;68;10;3;Ochota
331;3021;1962;128;8;4;Zoliborz
332;2895;1971;55;8;3;Bielany
333;2888;1975;121;10;4;Mokotow
334;3451;2005;125;1;4;Ursus
335;3010;1952;84;4;3;Praga
336;4549;1939;30;4;1;Mokotow
337;5056;2000;49;2;3;Ochota
338;3003;1951;90;3;4;Bielany
339;3367;1977;53;4;2;Ursynow
340;3133;1967;102;1;3;Ursus
341;3820;1956;68;7;2;Ochota
342;3234;1998;147;9;6;Zoliborz
343;4411;1960;24;6;1;Zoliborz
344;4889;1947;86;6;3;Srodmiescie
345;4493;1969;31;4;2;Zoliborz
346;3940;1990;101;2;3;Zoliborz
347;3728;1971;97;4;4;Zoliborz
348;3944;2005;71;2;3;Bielany
349;2114;1978;124;8;5;Ursynow
350;2823;1992;118;2;4;Bielany
351;2743;1923;131;7;5;Ursynow
352;3590;1936;76;8;3;Ochota
353;4109;2003;94;7;3;Ochota
354;3947;1946;55;7;2;Mokotow
355;1921;1957;148;7;6;Bemowo
356;5970;1943;38;1;1;Srodmiescie
357;3371;1973;53;4;2;Praga
358;3498;1955;85;8;3;Ochota
359;3436;1990;126;4;4;Ochota
360;3686;1982;106;3;5;Zoliborz
361;5884;1990;42;1;2;Srodmiescie
362;2509;1986;114;5;5;Wola
363;4401;1995;105;9;3;Srodmiescie
364;2961;1977;134;8;4;Ochota
365;3505;1971;94;7;3;Ochota
366;2605;1941;114;4;5;Bemowo
367;4163;1938;54;5;2;Zoliborz
368;5531;1996;52;9;3;Srodmiescie
369;4159;2005;124;3;4;Zoliborz
370;3617;1931;63;6;3;Ursus
371;5140;2008;26;4;2;Mokotow
372;5753;1923;105;1;4;Srodmiescie
373;4287;1928;46;1;3;Wola
374;3626;2009;107;1;4;Praga
375;2331;1944;132;5;5;Ursynow
376;3791;1996;136;5;5;Ochota
377;3049;1980;40;9;1;Bielany
378;2536;1943;106;6;4;Bielany
379;3370;1924;128;1;5;Bielany
380;4253;2005;50;1;3;Ursynow
381;3252;1940;65;4;2;Praga
382;4636;1946;31;3;1;Mokotow
383;3651;1931;145;5;6;Zoliborz
384;3624;2001;38;9;2;Wola
385;1987;1949;141;7;6;Praga
386;2653;1956;60;10;3;Ursynow
387;3029;2003;142;3;5;Ursus
388;4997;2000;20;6;2;Ochota
389;2734;1947;127;2;4;Ursus
390;2637;1967;86;7;4;Bemowo
391;2983;1965;92;3;4;Ursus
392;3291;1962;81;10;4;Mokotow
393;3626;1956;42;3;1;Ursynow
394;3819;1988;58;8;2;Mokotow
395;2785;1957;116;2;5;Ursus
396;2733;1968;137;9;6;Zoliborz
397;5844;1962;21;4;1;Srodmiescie
398;3574;1989;68;9;3;Ochota
399;3727;1961;62;8;3;Mokotow
400;2898;1990;40;10;2;Praga
401;4935;1995;62;8;3;Srodmiescie
402;4465;1932;48;8;3;Ochota
403;2768;1985;108;3;5;Wola
404;3535;1942;62;1;3;Bemowo
405;3909;1991;24;2;1;Praga
406;3307;1988;144;3;5;Mokotow
407;5201;1946;70;5;2;Srodmiescie
408;4211;1981;109;10;4;Srodmiescie
409;3645;1999;146;5;6;Mokotow
410;1783;1957;147;9;5;Wola
411;3336;2003;76;7;4;Praga
412;3076;1978;92;2;4;Praga
413;3504;1933;95;4;3;Bemowo
414;3233;1972;77;2;4;Ursynow
415;4700;1950;100;6;4;Srodmiescie
416;3151;1934;70;10;3;Ursus
417;2204;1966;140;5;6;Bielany
418;3327;1971;42;6;1;Bemowo
419;3576;1934;87;4;3;Bemowo
420;3425;1997;72;7;3;Bemowo
421;2548;1956;80;9;3;Ursus
422;2961;1987;39;10;1;Ursus
423;2099;1939;105;10;5;Wola
424;2882;1998;127;6;5;Ursynow
425;3411;1925;64;8;3;Bemowo
426;1872;1950;148;8;5;Bielany
427;3261;1970;104;8;4;Mokotow
428;3645;1963;40;3;1;Praga
429;3050;1958;75;5;2;Bemowo
430;3748;1997;40;8;1;Praga
431;3298;1928;90;6;4;Praga
432;4384;2006;52;9;2;Mokotow
433;4863;2009;69;2;3;Zoliborz
434;4075;2008;63;2;2;Ursus
435;2568;1990;118;4;5;Praga
436;4296;1997;40;2;2;Ursus
437;3943;1963;101;2;3;Zoliborz
438;5001;1939;95;4;3;Srodmiescie
439;4162;1931;79;8;3;Mokotow
440;3784;1999;87;2;3;Ursynow
441;2121;1976;128;8;4;Bielany
442;3992;1984;41;8;2;Zoliborz
443;4251;1997;130;1;5;Mokotow
444;3923;1966;28;10;2;Mokotow
445;2638;1956;111;4;5;Bielany
446;5128;1956;72;5;3;Srodmiescie
447;3743;1996;136;5;6;Ochota
448;3397;1967;25;7;1;Praga
449;3742;1952;31;3;1;Ursus
450;3354;1948;70;2;3;Ursynow
451;4310;2001;129;1;4;Zoliborz
452;3912;1983;84;4;3;Mokotow
453;3401;1940;105;7;3;Zoliborz
454;3377;1957;92;8;4;Ochota
455;3068;2007;148;2;5;Ursus
456;4048;1942;90;2;3;Zoliborz
457;3619;1972;38;3;2;Praga
458;3924;1931;123;5;5;Mokotow
459;4962;1995;39;5;1;Mokotow
460;3060;1951;34;9;2;Ursus
461;2633;1977;62;10;3;Wola
462;2755;1950;125;2;4;Wola
463;2762;1951;139;9;5;Zoliborz
464;4839;2007;61;3;3;Ochota
465;2545;2000;130;9;5;Ursynow
466;1967;1945;123;10;4;Wola
467;5530;1944;47;4;2;Srodmiescie
468;3397;1958;55;3;3;Ursynow
469;3314;1975;144;3;5;Ochota
470;3289;1978;91;9;4;Mokotow
471;5328;1955;57;5;2;Srodmiescie
472;2468;1971;148;2;5;Wola
473;4573;1927;63;6;2;Zoliborz
474;3309;1968;39;6;2;Bielany
475;3643;1949;41;3;1;Praga
476;3325;1932;72;8;3;Wola
477;3567;1984;68;9;3;Ochota
478;2243;1986;106;9;4;Praga
479;4756;1941;39;1;1;Mokotow
480;2474;1994;148;2;5;Ursynow
481;2220;1936;123;7;5;Bemowo
482;2740;1979;91;6;3;Wola
483;3802;1965;25;3;1;Wola
484;3182;1985;57;5;3;Wola
485;2927;1986;97;3;4;Ursynow
486;3382;1920;132;10;4;Zoliborz
487;3021;1985;98;2;4;Ursynow
488;3105;1967;49;7;2;Bemowo
489;2011;1949;114;10;5;Wola
490;5899;1937;25;3;1;Srodmiescie
491;2664;1945;94;6;4;Ursus
492;3054;1936;95;2;4;Ursynow
493;4061;1992;94;1;4;Ochota
494;4044;1987;46;7;2;Zoliborz
495;3037;1942;26;10;2;Praga
496;2642;1984;111;4;5;Ursus
497;2336;1981;106;8;4;Bielany
498;2972;1950;63;7;2;Wola
499;2656;1994;129;2;5;Bielany
500;3092;1927;106;6;5;Praga
501;4345;1969;66;2;2;Zoliborz
502;3315;1995;98;8;4;Zoliborz
503;2792;1936;126;1;5;Wola
504;3661;1934;114;9;4;Mokotow
505;2747;1998;140;6;5;Bemowo
506;3241;1983;86;1;4;Ursynow
507;2866;1968;113;2;4;Ursynow
508;3776;1966;62;8;2;Ochota
509;3764;1997;39;8;1;Wola
510;3742;2003;46;7;2;Bemowo
511;2112;1988;129;8;4;Ursus
512;4276;1999;72;8;2;Ochota
513;2926;1991;87;4;4;Bemowo
514;2849;1945;105;3;4;Praga
515;3424;1941;53;3;3;Bemowo
516;3360;1962;129;4;5;Zoliborz
517;4221;1991;43;6;1;Mokotow
518;2592;1949;91;7;4;Bielany
519;4220;1924;118;3;4;Mokotow
520;4147;1996;55;2;2;Ursus
521;2715;1994;93;6;3;Bemowo
522;2175;1992;133;7;4;Ursynow
523;2666;1992;133;2;4;Praga
524;4164;1955;44;6;2;Ochota
525;4117;1980;33;8;1;Ochota
526;3702;1971;50;1;2;Praga
527;4578;1970;42;2;2;Zoliborz
528;2647;1994;95;6;4;Bemowo
529;2639;2004;126;9;4;Wola
530;3206;1976;69;4;2;Wola
531;3001;2009;100;8;4;Ursus
532;5894;1922;91;1;4;Srodmiescie
533;2543;1987;126;4;4;Bemowo
534;3285;1962;51;5;2;Ursynow
535;3577;1932;37;10;1;Wola
536;4968;1937;98;4;3;Srodmiescie
537;2968;1925;83;10;4;Praga
538;2894;1975;56;8;3;Ursus
539;2269;1989;138;5;5;Wola
540;2491;1981;136;3;5;Bemowo
541;5142;1922;101;8;3;Srodmiescie
542;3969;1969;78;4;3;Mokotow
543;3304;1931;55;10;3;Ursus
544;3728;1966;82;6;3;Ochota
545;2792;1935;126;1;5;Ursynow
546;4758;1934;59;4;3;Zoliborz
547;3248;2009;70;9;3;Wola
548;3737;1985;31;3;1;Wola
549;3320;1994;93;9;3;Zoliborz
550;1732;1957;137;10;6;Bielany
551;3449;1953;130;3;5;Zoliborz
552;2938;2005;131;5;5;Praga
553;1899;1941;130;10;4;Bielany
554;3813;1934;119;7;4;Ochota
555;4056;1938;24;9;2;Ochota
556;3775;1997;23;9;2;Ursynow
557;2341;1940;131;5;5;Praga
558;3112;1970;44;8;1;Wola
559;3828;1960;32;2;1;Praga
560;3127;1983;37;8;2;Bemowo
561;2186;1964;131;7;4;Wola
562;5039;1921;51;2;3;Mokotow
563;3762;1933;24;9;2;Ursus
564;3215;1924;144;10;5;Mokotow
565;5378;1929;22;2;2;Mokotow
566;5384;1928;82;7;4;Srodmiescie
567;3382;1993;32;6;2;Wola
568;3539;1992;61;1;3;Ursus
569;2427;1999;137;9;6;Bielany
570;3604;1958;40;3;2;Ursynow
571;5133;1940;92;3;3;Srodmiescie
572;2886;1959;51;9;2;Wola
573;3273;1987;53;5;2;Praga
574;5072;1987;108;1;5;Srodmiescie
575;3520;2005;118;1;4;Bielany
576;3608;1939;124;2;5;Mokotow
577;3753;1993;45;10;2;Mokotow
578;3078;1940;112;9;4;Zoliborz
579;2570;2001;148;7;5;Bielany
580;3506;1957;34;5;1;Ursynow
581;2554;1965;90;8;3;Bemowo
582;3899;1975;35;10;1;Ochota
583;6595;1933;30;1;2;Srodmiescie
584;4613;1996;89;2;4;Ochota
585;3828;1951;27;2;2;Wola
586;4120;1996;28;5;2;Bielany
587;3143;1994;76;3;4;Ursus
588;2740;1932;116;9;4;Ursynow
589;5130;2002;112;6;5;Srodmiescie
590;2308;1968;149;3;6;Wola
591;3248;1949;100;9;3;Ochota
592;3429;1940;37;5;2;Wola
593;3573;1977;63;10;2;Zoliborz
594;2179;1985;127;7;5;Ursus
595;2376;1957;147;3;5;Ursynow
596;4133;1987;137;7;6;Srodmiescie
597;3475;1975;78;9;3;Mokotow
598;3786;1937;61;8;2;Ochota
599;3095;2002;81;9;4;Bielany
600;3343;1935;81;1;3;Bielany
601;4189;1993;106;10;5;Srodmiescie
602;4131;1935;132;2;5;Mokotow
603;3086;1949;116;8;5;Mokotow
604;3689;1972;31;3;2;Bemowo
605;3812;1998;144;4;5;Mokotow
606;4408;1949;104;9;3;Srodmiescie
607;2031;1974;127;9;4;Wola
608;4019;1973;23;10;1;Mokotow
609;2710;2007;109;10;4;Praga
610;3474;1941;53;3;2;Praga
611;2076;1941;107;10;5;Ursynow
612;3681;2008;107;9;5;Ochota
613;2954;1996;130;5;5;Wola
614;3448;1927;55;9;2;Ursynow
615;2040;1958;141;7;5;Ursynow
616;5623;2008;118;1;4;Srodmiescie
617;2672;1945;113;4;4;Praga
618;4075;1927;107;5;5;Zoliborz
619;2898;1920;130;6;4;Bemowo
620;4507;1950;79;10;4;Srodmiescie
621;2454;1959;85;9;4;Ursus
622;5670;1930;103;2;4;Srodmiescie
623;3002;1968;105;2;3;Bemowo
624;2416;1948;93;9;3;Praga
625;2331;1971;102;9;3;Bielany
626;1802;1986;145;9;5;Ursus
627;3398;1990;65;2;3;Ursynow
628;3036;1950;131;7;5;Ochota
629;3184;1993;112;8;4;Mokotow
630;3323;1965;73;2;3;Ursus
631;1801;1984;150;8;6;Wola
632;2245;1940;110;8;5;Bemowo
633;3768;1998;148;4;5;Mokotow
634;3420;1937;53;3;3;Ursus
635;2962;1998;124;6;4;Ursus
636;3391;1927;131;1;4;Ursus
637;4144;1931;76;8;4;Ochota
638;2229;1952;122;7;5;Wola
639;4801;1957;70;9;2;Srodmiescie
640;4353;1939;45;4;2;Ochota
641;2667;2004;133;8;4;Ursynow
642;2273;1948;123;7;4;Bielany
643;4025;2008;107;6;4;Zoliborz
644;3903;1921;145;3;5;Ochota
645;4834;1937;67;9;2;Srodmiescie
646;3806;1926;94;1;3;Bemowo
647;2672;1944;93;6;4;Bemowo
648;3482;1921;77;6;3;Ursynow
649;4258;1938;49;4;3;Ochota
650;2722;1920;118;9;4;Bemowo
651;2216;1927;148;10;6;Ursynow
652;2699;1975;110;4;4;Praga
653;3140;1957;101;1;3;Bemowo
654;3740;1933;86;2;4;Wola
655;4358;1921;34;2;2;Ursus
656;3017;1941;33;10;1;Praga
657;3743;1936;31;3;1;Ursynow
658;2973;1954;93;3;4;Praga
659;2450;1946;90;9;3;Praga
660;4992;2007;111;8;4;Srodmiescie
661;2937;1944;101;3;3;Bielany
662;2927;1936;82;5;3;Ursynow
663;4295;1944;26;7;1;Ochota
664;3492;1931;86;5;3;Praga
665;4588;1939;31;3;2;Mokotow
666;3462;1983;134;3;4;Ochota
667;1987;1977;141;7;6;Bemowo
668;3316;1947;78;1;4;Ursynow
669;2664;1981;79;8;3;Wola
670;3120;1936;58;6;2;Ursynow
671;5956;1968;39;1;1;Srodmiescie
672;2510;1971;74;10;3;Bielany
673;3868;1935;103;8;4;Zoliborz
674;4304;1924;80;6;4;Zoliborz
675;4103;1989;75;3;3;Zoliborz
676;3449;2003;55;9;2;Ursynow
677;3062;1950;149;5;5;Zoliborz
678;2435;1975;142;3;5;Wola
679;3386;1951;56;3;3;Ursus
680;3374;1960;133;4;4;Ochota
681;2590;1972;141;10;6;Zoliborz
682;3270;2010;98;6;3;Wola
683;2746;1978;135;9;6;Mokotow
684;4634;1984;82;9;3;Srodmiescie
685;2933;1925;132;5;5;Bemowo
686;1837;1977;131;10;5;Ursynow
687;3282;1990;27;8;1;Ursus
688;2229;1941;122;7;5;Bielany
689;3325;1921;97;5;4;Bielany
690;1832;1944;132;10;5;Praga
691;3574;1964;63;1;2;Wola
692;3912;1956;24;2;1;Bemowo
693;4510;1969;114;6;5;Srodmiescie
694;3844;1965;76;5;4;Mokotow
695;3893;1956;31;1;2;Bemowo
696;2316;1993;88;10;4;Wola
697;4609;1980;49;1;2;Mokotow
698;3729;1992;127;1;4;Mokotow
699;2805;1931;115;8;5;Praga
700;3644;1948;46;2;2;Wola
701;3800;1933;115;7;5;Zoliborz
702;3560;1985;64;1;2;Wola
703;5943;1946;26;2;2;Srodmiescie
704;2401;1961;130;5;4;Ursynow
705;3234;1977;67;4;2;Bemowo
706;3603;1997;30;10;2;Wola
707;2344;1973;96;9;4;Ursynow
708;3556;1929;39;10;1;Wola
709;3054;1959;105;10;4;Zoliborz
710;3842;1925;76;2;4;Ursus
711;2194;1953;116;8;5;Bielany
712;3216;1975;48;6;2;Bemowo
713;4369;2001;108;2;5;Mokotow
714;6072;1929;23;7;2;Srodmiescie
715;4560;1990;34;3;2;Ochota
716;3626;1975;57;1;2;Ursus
717;4104;1929;95;7;3;Mokotow
718;5245;1949;50;6;3;Srodmiescie
719;3212;1961;64;4;3;Ursus
720;2928;1991;82;5;3;Ursynow
721;3791;1940;96;4;3;Mokotow
722;4699;1957;85;8;3;Srodmiescie
723;3478;1959;97;7;3;Ochota
724;2834;1926;122;7;5;Wola
725;2971;1933;83;10;4;Ursus
726;3249;1998;105;5;4;Praga
727;2675;1946;127;2;5;Wola
728;4336;1931;21;4;1;Bielany
729;3219;1989;48;6;2;Ursynow
730;3743;1981;111;2;5;Mokotow
731;3622;1925;108;10;4;Mokotow
732;3748;2000;75;3;4;Ursus
733;2994;2004;146;3;5;Wola
734;2830;1941;72;7;3;Ursus
735;2672;1968;78;8;3;Bemowo
736;3100;2008;125;4;5;Ursus
737;2738;1947;61;9;3;Bemowo
738;3095;1960;50;7;2;Ursynow
739;3770;1922;48;6;3;Bielany
740;2523;1968;113;5;5;Ursus
741;3192;1943;21;9;2;Wola
742;4227;1922;127;2;4;Ochota
743;4078;1932;37;5;1;Bemowo
744;2829;1967;127;1;4;Praga
745;3316;1942;38;6;2;Ursynow
746;3639;1997;66;6;2;Bielany
747;3340;1965;81;1;3;Praga
748;3147;1969;25;9;2;Wola
749;4355;2008;34;2;2;Ursynow
750;5455;1965;49;4;3;Srodmiescie
751;3192;1986;86;2;3;Ursynow
752;4334;1927;37;2;2;Wola
753;3455;1968;35;5;2;Ursynow
754;2372;1947;108;7;5;Praga
755;4280;2009;127;1;5;Mokotow
756;2419;1963;93;9;3;Praga
757;2412;1954;94;9;3;Bemowo
758;3930;1967;102;2;3;Mokotow
759;3365;1934;138;9;5;Mokotow
760;2797;1964;50;10;2;Wola
761;3695;1928;121;8;4;Mokotow
762;4708;1975;134;2;5;Srodmiescie
763;2592;1949;141;10;6;Zoliborz
764;3100;1959;30;9;2;Praga
765;2926;1931;142;4;5;Bemowo
766;2140;1988;121;8;5;Wola
767;4013;1947;54;6;3;Ochota
768;2417;1929;133;10;5;Bemowo
769;2932;1927;137;4;6;Praga
770;2741;1962;56;10;2;Praga
771;6017;2001;53;4;3;Srodmiescie
772;3899;1982;80;4;4;Zoliborz
773;3314;1979;49;5;2;Wola
774;3596;1926;100;2;4;Bemowo
775;3568;1928;68;6;3;Bielany
776;2775;2002;148;5;5;Bielany
777;2543;1968;91;8;3;Wola
778;2901;1953;80;5;4;Ursynow
779;2719;1991;83;7;3;Wola
780;2172;1942;143;5;6;Bemowo
781;2563;1981;139;2;5;Wola
782;4861;1938;109;3;5;Srodmiescie
783;1757;1959;144;9;6;Praga
784;5085;1980;72;6;2;Srodmiescie
785;2697;1990;95;6;3;Praga
786;5199;1992;80;3;4;Srodmiescie
787;5316;1983;33;8;1;Srodmiescie
788;4708;1946;104;6;3;Srodmiescie
789;2481;2003;147;8;5;Bielany
790;4302;1965;25;7;1;Mokotow
791;3871;1997;28;8;1;Bielany
792;3047;1981;110;9;5;Mokotow
793;2363;1939;84;10;4;Wola
794;2961;1994;99;3;3;Praga
795;4382;1997;87;5;3;Ochota
796;3288;1957;146;3;5;Zoliborz
797;4480;1934;62;7;2;Ochota
798;4700;1926;65;4;3;Zoliborz
799;3572;1938;33;4;2;Wola
800;2845;2006;111;8;5;Wola
801;2757;1991;84;6;4;Bemowo
802;3432;1954;67;2;2;Ursynow
803;4156;1956;124;9;4;Srodmiescie
804;2744;1999;146;5;6;Ursus
805;4143;1963;116;10;4;Srodmiescie
806;3984;2002;47;4;3;Wola
807;2004;1975;150;6;6;Ursus
808;3932;1977;87;3;4;Ochota
809;3086;1935;56;6;3;Bemowo
810;2664;1995;144;9;6;Ochota
811;4158;2005;39;4;1;Bemowo
812;4120;1944;38;7;2;Mokotow
813;3272;1955;63;4;2;Wola
814;2948;1945;110;1;5;Bemowo
815;4544;1982;46;2;2;Ochota
816;4307;1997;24;4;1;Ursynow
817;3002;1989;105;2;3;Praga
818;3100;2009;145;2;5;Wola
819;3131;1947;22;10;1;Bielany
820;2226;2002;147;10;6;Praga
821;2994;1946;41;9;2;Praga
822;2653;1965;90;7;3;Bielany
823;3671;1925;138;6;5;Mokotow
824;2316;1948;133;5;5;Bemowo
825;3120;1943;28;9;2;Ursus
826;2662;1941;89;7;3;Ursus
827;4655;1986;150;1;5;Srodmiescie
828;3669;1926;73;5;2;Bemowo
829;2057;1967;149;6;5;Bielany
830;3839;1958;66;7;2;Mokotow
831;3600;1934;80;4;4;Bielany
832;3229;1983;87;1;4;Ursus
833;2973;1924;83;10;4;Bemowo
834;4224;1987;73;2;3;Zoliborz
835;4174;1979;28;8;1;Zoliborz
836;3712;1973;119;2;4;Ochota
837;3061;2000;84;9;4;Bielany
838;2975;1996;147;3;5;Ursus
839;4134;1981;32;8;1;Zoliborz
840;4211;1922;24;5;1;Bielany
841;2742;1979;116;3;4;Ursynow
842;5477;1942;37;6;1;Srodmiescie
843;3817;1950;38;10;2;Mokotow
844;2851;1963;95;4;4;Bemowo
845;4309;1940;134;6;5;Srodmiescie
846;3936;1957;26;1;2;Bemowo
847;3091;2005;116;5;5;Bemowo
848;1773;1959;138;10;5;Bemowo
849;3135;1968;51;6;3;Wola
850;5488;1946;26;7;1;Srodmiescie
851;3091;1958;116;8;5;Zoliborz
852;3281;1985;127;5;5;Zoliborz
853;4415;1935;39;4;2;Mokotow
854;3339;1947;106;7;4;Mokotow
855;3497;1966;65;1;3;Bemowo
856;3091;1976;106;9;5;Ochota
857;6017;1994;23;2;1;Srodmiescie
858;2673;1962;138;1;5;Wola
859;3857;1994;49;8;3;Mokotow
860;3671;1927;58;6;3;Ursus
861;3587;1952;61;1;2;Ursynow
862;2755;1938;125;2;4;Ursynow
863;4253;1999;40;3;1;Bemowo
864;1965;1969;149;7;5;Ursus
865;3308;2009;99;5;4;Ursus
866;4452;2000;40;10;1;Mokotow
867;3401;1975;75;1;3;Ursus
868;2914;1980;44;10;1;Ursynow
869;3505;1972;34;5;1;Ursus
870;5665;2001;84;4;4;Srodmiescie
871;4083;2009;67;10;3;Mokotow
872;4618;2005;93;2;3;Ochota
873;4450;1989;60;1;3;Ochota
874;3456;1999;149;7;5;Ochota
875;4405;1956;150;3;6;Srodmiescie
876;5454;1971;60;3;3;Srodmiescie
877;3589;2004;86;4;3;Wola
878;3403;2004;90;5;4;Ursynow
879;2320;2004;143;10;5;Wola
880;3724;1959;63;8;3;Zoliborz
881;3075;1991;147;5;5;Zoliborz
882;3501;1954;40;4;2;Bemowo
883;3386;1955;66;2;3;Ursynow
884;2955;1966;95;3;4;Wola
885;4587;1928;71;5;2;Ochota
886;4114;1999;119;4;4;Zoliborz
887;2114;1961;144;6;5;Bielany
888;2600;1940;85;8;3;Praga
889;3027;2010;122;5;5;Bemowo
890;4446;1926;30;2;1;Ursus
891;3775;2007;78;3;3;Ursynow
892;3529;1946;67;1;2;Ursus
893;2495;1956;76;10;3;Ursynow
894;3156;1999;99;7;3;Wola
895;2742;1932;141;6;5;Ursus
896;4303;2008;25;4;1;Ursynow
897;2859;1964;124;1;4;Wola
898;3106;1961;69;5;2;Wola
899;2108;1985;144;6;5;Ursus
900;4193;2007;61;1;2;Praga
901;3211;1981;89;1;4;Ursynow
902;3548;2003;125;9;4;Zoliborz
903;5838;1996;56;6;2;Srodmiescie
904;4249;1952;130;7;5;Srodmiescie
905;3841;1969;71;6;3;Zoliborz
906;4074;1987;78;3;3;Mokotow
907;3314;1947;74;2;3;Bemowo
908;3353;1993;25;7;2;Bielany
909;4010;1933;59;3;2;Ursynow
910;3037;1938;51;7;3;Bielany
911;3182;1973;62;5;2;Bemowo
912;3999;1998;85;9;3;Ochota
913;2879;1937;117;1;5;Ursynow
914;2761;1970;109;3;5;Bielany
915;3739;1959;76;6;4;Zoliborz
916;3432;1983;57;3;2;Ursus
917;3150;2009;115;5;4;Wola
918;3696;1929;90;2;4;Praga
919;2692;1989;111;4;4;Ursus
920;3979;1958;22;1;2;Ursus
921;3489;1987;106;5;5;Mokotow
922;3448;1970;105;6;4;Mokotow
923;2587;2005;121;10;4;Bielany
924;3377;2002;67;8;3;Ursus
925;4096;1994;20;9;2;Zoliborz
926;2787;1973;61;9;2;Ursynow
927;2626;1970;127;3;4;Wola
928;2154;1970;140;6;5;Ursynow
929;2690;1931;121;9;4;Praga
930;3868;1945;148;9;5;Srodmiescie
931;2575;2008;127;9;5;Ursus
932;3617;1968;43;3;1;Ursus
933;3542;1948;106;5;4;Zoliborz
934;2759;1980;54;10;2;Bemowo
935;2088;1945;126;8;5;Bemowo
936;3374;1944;23;7;2;Bielany
937;4019;1945;73;4;3;Zoliborz
938;3615;1966;124;2;5;Zoliborz
939;3080;1922;87;9;3;Ursus
940;3293;1962;81;10;4;Mokotow
941;2257;1953;114;8;4;Ursus
942;6328;2004;52;1;3;Srodmiescie
943;3593;1929;136;7;5;Zoliborz
944;3741;1924;31;9;1;Wola
945;3149;1963;40;8;1;Ursus
946;3065;1954;24;10;2;Praga
947;3228;1975;137;4;6;Zoliborz
948;3524;1955;63;10;3;Mokotow
949;3183;1957;42;7;2;Bielany
950;3129;1931;72;10;3;Praga
951;3551;1929;130;8;5;Ochota
952;5330;1960;57;5;2;Srodmiescie
953;3750;1971;40;2;1;Praga
954;3101;2007;110;6;4;Ursynow
955;3123;2004;103;7;3;Praga
956;3580;1922;102;2;4;Praga
957;5532;1985;62;2;3;Srodmiescie
958;3464;1945;104;6;4;Zoliborz
959;4828;1934;72;2;3;Ochota
960;3355;1944;25;7;2;Ursynow
961;4155;2004;60;1;3;Ursus
962;5810;1971;24;4;1;Srodmiescie
963;1929;1947;142;8;5;Wola
964;2390;1980;106;7;5;Wola
965;2740;1982;56;10;2;Praga
966;4404;1980;60;2;2;Ochota
967;3710;1987;64;8;3;Mokotow
968;2894;1936;51;9;2;Praga
969;2101;1973;145;6;5;Bielany
970;4596;1999;25;10;1;Zoliborz
971;2570;1985;138;2;5;Wola
972;4891;1983;26;1;1;Ochota
973;2657;1983;69;9;3;Bielany
974;2576;1959;107;5;5;Bielany
975;2545;1959;141;2;5;Ursynow
976;2833;1963;87;5;4;Praga
977;6006;1960;34;1;1;Srodmiescie
978;4408;1964;124;6;5;Srodmiescie
979;3392;1972;61;3;2;Wola
980;1607;1985;149;10;6;Praga
981;2238;1948;136;5;6;Bemowo
982;4668;1922;98;1;3;Mokotow
983;2666;1948;113;4;4;Ursynow
984;2760;1941;114;3;4;Praga
985;4731;1937;117;4;4;Srodmiescie
986;4768;1949;23;2;2;Zoliborz
987;3486;1982;106;5;5;Zoliborz
988;1808;1980;144;9;5;Bielany
989;3498;1949;120;4;4;Ochota
990;2564;1961;149;1;5;Praga
991;4067;1922;93;7;4;Zoliborz
992;3477;1968;27;6;1;Bielany
993;2048;1957;140;7;5;Ursynow
994;4065;1925;74;10;2;Ochota
995;5139;1978;91;3;3;Srodmiescie
996;6355;1921;44;2;2;Srodmiescie
997;3422;1921;48;10;2;Bemowo
998;3098;1980;85;3;3;Bemowo
999;4192;1942;36;7;1;Zoliborz
1000;3327;1992;112;6;5;Mokotow
